Type,Name,Request Count,Failure Count,Median Response Time,Average Response Time,Min Response Time,Max Response Time,Average Content Size,Requests/s,Failures/s,50%,66%,75%,80%,90%,95%,98%,99%,99.9%,99.99%,100%
POST,/analyze,24796,24796,930.0,1001.685415750106,46.20241600059671,4665.350203998969,19.0,136.59971464437635,136.59971464437635,930,1100,1200,1200,1500,1700,2000,2100,4100,4700,4700
GET,GET_HealthCheck,3158,3158,910.0,995.1038165097925,46.905830000468995,5438.447766002355,19.0,17.397237411152624,17.397237411152624,910,1000,1100,1200,1400,1700,1900,2100,4700,5400,5400
GET,GET_Metrics,7932,0,940.0,1033.117694972757,57.76941200019792,5455.100659000891,10196.448058497226,43.696924365187655,0.0,940,1100,1200,1300,1500,1700,2000,2100,5000,5500,5500
GET,GET_RequestCount,3149,3149,830.0,902.4589400498531,46.28915799912647,2552.358072000061,19.0,17.347656937213305,17.347656937213305,830,1000,1100,1200,1300,1500,1800,2100,2500,2600,2600
GET,GET_Root,3131,3131,850.0,909.6677765375719,45.109280003089225,2629.2919789993903,19.0,17.248495989334664,17.248495989334664,850,1000,1100,1100,1400,1600,1800,2000,2600,2600,2600
POST,POST_Analyze,19002,19002,910.0,991.1628615188473,39.26638800112414,6050.124205001339,19.0,104.68090731055167,104.68090731055167,910,1000,1100,1200,1400,1700,1900,2100,4700,6000,6100
POST,POST_Anomaly,2573,2573,930.0,1002.1026597493641,89.77274300195859,4663.214456002606,19.0,14.174506605096802,14.174506605096802,930,1100,1200,1200,1400,1700,1900,2000,4100,4700,4700
,Aggregated,63741,55809,920.0,992.7286805458473,39.26638800112414,6050.124205001339,1285.4928068276306,351.14544326291303,307.4485188977254,920,1100,1200,1200,1500,1700,1900,2100,4400,5500,6100
